key,project,project_name,type,summary,status,priority,assignee,story_points,percent_complete,created,updated,due,parent,blocked_by,comment
LUM-1,LUMEN,Lumen Bank — Mobile onboarding,Epic,Mobile onboarding,In Progress,High,Nora Feld,40,85,2026-06-01,2026-10-08,,,,Sprint report marks the epic 85% complete.
LUM-2,LUMEN,Lumen Bank — Mobile onboarding,Story,Registration form,Done,Medium,Nora Feld,5,100,2026-06-02,2026-09-20,2026-09-15,LUM-1,,
LUM-3,LUMEN,Lumen Bank — Mobile onboarding,Story,Email verification,Done,Medium,Jonas Berg,3,100,2026-06-02,2026-10-09,2026-09-20,LUM-1,,
LUM-4,LUMEN,Lumen Bank — Mobile onboarding,Story,KYC document upload,To Do,Highest,,8,,2026-06-02,2026-09-01,2026-10-06,LUM-1,,Critical path. No owner after the previous owner left the squad.
LUM-5,LUMEN,Lumen Bank — Mobile onboarding,Story,Sanctions screening integration,To Do,Highest,,8,,2026-06-03,2026-08-28,2026-10-28,LUM-1,,
LUM-6,LUMEN,Lumen Bank — Mobile onboarding,Story,Biometric capture,To Do,High,Jonas Berg,5,,2026-06-03,2026-10-02,2026-10-20,LUM-1,,
LUM-7,LUMEN,Lumen Bank — Mobile onboarding,Story,Audit trail,To Do,Medium,Nora Feld,3,,2026-06-04,2026-10-01,2026-10-24,LUM-1,,
LUM-8,LUMEN,Lumen Bank — Mobile onboarding,Story,UAT script,To Do,Medium,,3,,2026-06-04,2026-09-15,2026-10-27,LUM-1,,
LUM-9,LUMEN,Lumen Bank — Mobile onboarding,Decision,Approve KYC vendor contract,Waiting,Highest,,1,,2026-07-01,2026-09-30,2026-10-03,,,Legal asked for a vendor decision on 30 Sep. Still waiting.
LUM-10,LUMEN,Lumen Bank — Mobile onboarding,Story,App store listing copy,To Do,Low,Nora Feld,2,,2026-06-05,2026-10-07,2026-11-02,LUM-1,,
CED-1,CEDAR,Cedar Clinics — Patient portal,Epic,Patient portal,In Progress,High,Elena Voss,20,60,2026-05-01,2026-08-12,,,,
CED-2,CEDAR,Cedar Clinics — Patient portal,Story,Appointment view,In Progress,High,Elena Voss,5,40,2026-05-02,2026-08-18,2026-09-30,CED-1,,Last standup note: still wiring the calendar.
CED-3,CEDAR,Cedar Clinics — Patient portal,Story,Prescription refill,In Progress,High,Marco Lind,5,,2026-05-02,2026-08-20,2026-10-02,CED-1,,
CED-4,CEDAR,Cedar Clinics — Patient portal,Story,Lab results,To Do,Medium,Elena Voss,5,,2026-05-03,2026-08-11,2026-10-16,CED-1,,
CED-5,CEDAR,Cedar Clinics — Patient portal,Story,Accessibility pass,To Do,Medium,,3,,2026-05-04,2026-08-11,2026-10-23,CED-1,,
FOR-1,FORGE,Forge Logistics — Warehouse API,Epic,Warehouse API,In Progress,High,Samir Adeyemi,30,50,2026-04-01,2026-10-09,,,,
FOR-2,FORGE,Forge Logistics — Warehouse API,Story,Inventory endpoint,Done,Medium,Samir Adeyemi,5,100,2026-04-02,2026-08-01,2026-08-15,FOR-1,,
FOR-3,FORGE,Forge Logistics — Warehouse API,Story,Legacy data extract consumer,Done,Medium,Samir Adeyemi,5,100,2026-04-02,2026-07-20,2026-07-31,FOR-1,,Completed from the snapshot feed. The legacy extract was not required.
FOR-12,FORGE,Forge Logistics — Warehouse API,Task,Rotate carrier credentials,In Progress,Highest,,5,,2026-09-01,2026-10-09,2026-10-08,FOR-1,,Unassigned after Alex Rahman went on leave. Due yesterday.
FOR-20,FORGE,Forge Logistics — Warehouse API,Bug,Sandbox returns 401 for pick tickets,Blocked,High,Samir Adeyemi,3,,2026-09-20,2026-10-09,2026-10-12,FOR-1,FOR-12,Blocked on carrier credentials.
FOR-21,FORGE,Forge Logistics — Warehouse API,Story,Rate-limit handling,In Progress,Medium,Samir Adeyemi,3,,2026-09-15,2026-10-08,2026-10-18,FOR-1,,
AST-1,ASTER,Aster HR — Payroll export,Epic,Payroll export,In Progress,Medium,Mina Cho,15,70,2026-08-01,2026-10-09,,,,
AST-2,ASTER,Aster HR — Payroll export,Story,Employee file mapping,Done,Medium,Mina Cho,5,100,2026-08-02,2026-09-28,2026-09-30,AST-1,,
AST-3,ASTER,Aster HR — Payroll export,Story,Tax code table,Done,Medium,Mina Cho,5,100,2026-08-02,2026-10-06,2026-10-04,AST-1,,
AST-4,ASTER,Aster HR — Payroll export,Story,Export scheduler,In Progress,Medium,Mina Cho,5,50,2026-08-03,2026-10-09,2026-10-24,AST-1,,On track for the 24 Oct dry run.
